video_id,channel_id,title,author,length,fps,resolution,avg_bitrate,description,keywords,publish_date,width,height,frame_count
4yWavYq9_Ks,UCbQkjf9DtYuiPdpPs5QJB7A,Play Tips for the Sensory Challenged Child | Penfield Children's Center,Penfield Children,195,30,1080p,128kbps,"Children with sensory issues may have difficulty playing with the same toys and engaging in the same play activities as their peers.  The video above offers suggestions on how to engage the sensory challenged child in playtime and ease him into new sensory experiences at his own pace.  

Learn more about the Kohl's Building Blocks program:
http://penfieldbuildingblocks.org

Learn More about Penfield Children's Center:
http://penfieldchildren.org/

Donate online today:
http://bit.ly/1bKUSUI

Subscribe on YouTube:
http://YouTube.com/subscription_cente...

Like us on Facebook:
https://www.facebook.com/PenfieldChil...

Follow us on Twitter:
https://twitter.com/PenfieldCenter","['Penfield', ""Children's"", 'Center', 'Sensory Processing', 'Sensory Processing Disorder', 'Play', 'Child Development', 'Special Needs']",2015-01-21,1920,1080,5854
BL9cNtpb_QI,UCbQkjf9DtYuiPdpPs5QJB7A,Milwaukee Area Early Education & Child Care | Penfield Children's Center,Penfield Children,100,24,1080p,128kbps,"Donate Today: http://bit.ly/1HGx7ST

Meet four-and-a-half-year-old Manny and his mother, Danielle, to find out how Penfield Children's Center has been a wonderful fit for their daycare needs in Milwaukee.

The Early Education and Child Care program at Penfield Children‚Äôs Center provides a nurturing child care environment where teachers and families work together to prepare children for school by promoting positive growth and development. The program uses a child-centered, exploratory approach to early learning, and a curriculum that focuses on social, emotional, cognitive, physical, behavioral, and language development.

Penfield‚Äôs program is fully inclusive meaning typically-developing children and children with a developmental delay or disability learn and play together. Licensed and certified teachers use a combination of experience and knowledge to bring out the best in every child in their care. Penfield is accredited by the National Association for the Education of Young Children (NAEYC) and has been awarded a 5-star rating from YoungStar, Wisconsin‚Äôs Childcare Rating Program.

Based on our philosophy of holistic care, Penfield offers a comprehensive program for all families seeking high quality early education and child care. Children may receive speech, physical and occupational therapy and an on-site nursing staff monitors the health of all children in the center. Other program highlights include:

‚ñ∫ Week day programs from 7:00am to 5:30pm, for children ages 5 weeks to 6 years old
‚ñ∫ An indoor playground and fenced outdoor playground
‚ñ∫ Cheerful classroom environment
‚ñ∫ Arts programming
‚ñ∫ Nutritious breakfast, lunch and snacks included in tuition
‚ñ∫ Family support programs
‚ñ∫ Transportation
‚ñ∫ Before and after school care


Learn more about Penfield Children's Center:
http://bit.ly/18oaFfJ

Donate online today:
http://bit.ly/1bKUSUI

Subscribe on YouTube:
http://YouTube.com/subscription_center?add_user=PenfieldChildren

Like us on Facebook:
https://www.facebook.com/PenfieldChildrensCenter

Follow us on Twitter:
https://twitter.com/PenfieldCenter","[""Penfield Children's Center"", 'Child Care (Industry)', 'Milwaukee (City/Town/Village)', 'Day Care', 'Early Childhood Education (Field Of Study)', 'Milwaukee Day Care', 'Milwaukee Child Care', 'Child Growth and Development', 'Wisconsin Day Care', 'Wisconsin Child Care', 'Certified Day Care']",2015-03-09,1920,1080,2391
dUYIh1U2z-8,UCUyE-L2iWWV_tMoT20KF6xQ,Apple Montessori Kindergartners Read to the Infant Class,Apple Montessori Schools,212,30,1080p,128kbps,"This video is both adorable and impressive! Two of our kindergartners, who have been with Apple since they were infants, read a story to a captive audience of babies. It's incredible to see our students come full circle.

With Apple's proprietary reading program, most of our students learn to read by age 4. Our kindergartners also become the leaders of their class with special jobs and helping to mentor their younger classmates (Montessori preschool classrooms are mixed age from 2.5 to 6). 

-----

Family-owned Apple Montessori has set exceptional standards in early childhood education since 1972. Our research-proven infant, toddler, preschool, kindergarten and elementary programs give children an edge academically, socially and emotionally. We inspire a lifelong love of learning and help children reach their fullest potential. Visit us to experience our unique approach to learning, meet our nurturing teachers who love what they do, and explore our safety-certified school: www.applemontessorischools.com.

Apple Montessori Schools offers 15 locations in NJ including Apple Montessori Hoboken, Cliffside Park, Edgewater, Edison, Kinnelon, Mahwah, Metuchen, Morris Plains, Oakland, Randolph, Towaco and Wayne.","['Montessori Schools', 'New Jersey', 'Pre-K', 'Preschool', 'Child Care', 'Day Care', 'Daycare', 'NJ', 'Montessori', 'Apple montessori', 'child', 'education', 'teacher', 'assistant', 'baby', 'infant', 'reading', 'read', 'kindergarten', 'kindergartner', 'classroom', 'cute', 'inspiring', 'impressive']",2018-02-28,1440,1080,6360
LHT2zVYvObg,UCUyE-L2iWWV_tMoT20KF6xQ,Infant & Toddler Program in Northern NJ - Apple Montessori Schools,Apple Montessori Schools,240,24,1080p,128kbps,"Infant Program
We create a warm, nurturing environment for the children in our Infant Program (6 weeks to 18 months). Our unobtrusive schedule allows us to provide the loving care and stimulation infants need to develop. Each child eats, sleeps, and plays according to his or her own natural timetable.We offer separate nap rooms to encourage good sleeping habits. To boost development, the program also includes yoga, music, sign language, and food tasting. Primary and secondary caregivers are assigned to every child, who monitor daily activities and provide parent reports.

*Family Owned and Operated for Over 43 Years!
*Hands on Learning with an Abundance of Montessori Materials
and Tools in Every Classroom
*Individualized Learning at Child‚Äôs Own Pace
*Unique Proven Reading Program
*Character and Social Development Program
*Summer Camps with pool and swimming lessons

Apple Montessori Schools provide proven reading programs as well as foreign language, art and music enrichment, and gifted and talented programs for preschool and elementary (primary) school-aged children. State-of-the-art facilities and playgrounds with full security and surveillance systems enable your children to have fun in safe and healthy environments. Apple Montessori Schools also provide Before and After School Daycare Programs, Infant Programs and Summer Camps featuring swimming lessons.

Apple Montessori Schools are located in Cliffside Park, Edgewater, Edison, Hoboken, Kinnelon, Mahwah, Metuchen, Morris Plains, Oakland, Randolph, Towaco and Wayne, New Jersey.

Apple Montessori Schools
Developing the Foundation for a Lifetime of School Success!
http://www.applemontessorischools.com

#AppleMontessori #AppleAdvantage #Infant","['Apple Montessori Schools', 'infant', 'New Jersey (US State)', 'Family', 'Parents', 'North Jersey (Location)', 'Education', 'Parents (Magazine)', 'School (Building Function)', 'Childrens', 'Parenting', 'Childhood', 'Daycare', 'Primary School (School Category)', 'Primary Care (Industry)', 'Montessori Education (School Category)', 'Health And Social Care (Organization Sector)', 'Preschool (School Category)', 'Hoboken (City/Town/Village)', 'Safe', 'Preschool', 'Kindergarten (Industry)']",2015-03-18,1920,1080,5757
ljahBVDaBNE,UCMq2jlUH773DkHu4Lpo2JUQ,Day Care Observation Video #2,Lexi Borrego,1666,30,1080p,128kbps,,[],2017-03-25,1920,1080,49934
Lz0Oh2cxoTU,UCMq2jlUH773DkHu4Lpo2JUQ,Day Care Observation Video #3,Lexi Borrego,1683,30,1080p,128kbps,,[],2017-04-25,1920,1080,50436
Z9tJBluH1Zw,UC-QQn64-0MRaZCHKNw_cjjw,3rd observation part 1,Shannon Scott,1991,30,1080p,128kbps,,[],2018-04-05,1920,1080,59717
Y-5XEtligfs,UCbQkjf9DtYuiPdpPs5QJB7A,Make a Calm Down Space | Penfield Children's Center,Penfield Children,148,30,1080p,128kbps,Teach your child to regulate his behavior before he makes a poor choice! Create a calm down space in your home to promote relaxation and grounding.,"['Penfield', ""Children's"", 'Center']",2020-05-08,1920,1080,4420
iDg2hR1FPgA,UCMq2jlUH773DkHu4Lpo2JUQ,Day Care Observation Video #1,Lexi Borrego,1875,30,1080p,128kbps,,[],2017-02-25,1920,1080,56182
TVe0JN9Ij6o,UC-QQn64-0MRaZCHKNw_cjjw,Edu 184 final video,Shannon Scott,601,30,1080p,128kbps,,[],2018-11-28,1920,1080,18043
F1Q8R2XJ5cs,UCbQkjf9DtYuiPdpPs5QJB7A,You Can Make Playdough | Penfield Children's Center,Penfield Children,156,30,1080p,128kbps,"Children love playing with playdough.  It gives them an opportunity to use their imaginations, create their own sculptures and even strengthen fine motor skills.  Watch the following video to see how easy it is for adults and children to make homemade playdough.  Minimal effort is required for endless hours of fun.

Learn more about the Kohl's Building Blocks program:
http://penfieldbuildingblocks.org

Learn More about Penfield Children's Center:
http://penfieldchildren.org/

Donate online today:
http://bit.ly/1bKUSUI

Subscribe on YouTube:
http://YouTube.com/subscription_cente...

Like us on Facebook:
https://www.facebook.com/PenfieldChil...

Follow us on Twitter:
https://twitter.com/PenfieldCenter","['children', 'Penfield', 'child', 'playdough', 'DIY', 'projects', 'activities', 'recipes', 'Child Development (Taxonomy Subject)', 'Parents', 'Family', 'Education', 'Parent', 'Teachers', 'Teacher']",2014-01-29,1920,1080,4667
Cztb-0cliGA,UCbQkjf9DtYuiPdpPs5QJB7A,Learning Through Play | Penfield Children's Center,Penfield Children,174,30,1080p,128kbps,"Through play, a child has the opportunity to engage his imagination and explore his surroundings.  But, play also helps to enhance a child‚Äôs concentration, attention, creativity and overall cognitive development.  The video above offers examples of everyday play that are not only fun, but also encourage healthy development.  

Learn more about the Kohl's Building Blocks program:
http://penfieldbuildingblocks.org

Learn More about Penfield Children's Center:
http://penfieldchildren.org/

Donate online today:
http://bit.ly/1bKUSUI

Subscribe on YouTube:
http://YouTube.com/subscription_cente...

Like us on Facebook:
https://www.facebook.com/PenfieldChil...

Follow us on Twitter:
https://twitter.com/PenfieldCenter","['Penfield', ""Children's"", 'Center', 'Games (TV Genre)', 'Learning Through Play', 'Video Game Culture', 'Child Development (Literature Subject)']",2015-02-11,1920,1080,5224
zUdMBtK2UVE,UC9tRyMbnMaUP-t5LHVNfUig,Toddler Development Observation,Instructor Pedro,2083,30,1080p,128kbps,"This video is intended to support student learning outcomes within early childhood education. This video will focus on a 15 month old as she explores her environment and interact with different materials. This video demonstrates an infants cognitive, social- emotional, and physical abilities.

Age in Months: 15 months

Time of day observation conducted: 9/22/2020 @ 10:00

Observation Site or Location: Home 

Number of Adults present: 1 

Number of Children present: 1 (5 Years)",[],2020-09-22,1920,1080,62423
iWYy8n6mSwc,UC0580lt7nrzOCuiQT-MEVUA,Babies and toddlers: Amazing learners - Video 3,ECA Learning Hub,891,25,720p,128kbps,"Babies and toddlers use every one of their senses and abilities to explore and find out about the physical world. Over the first three years the variety of ways they have to interact with the physical world expands exponentially, and skills acquired very early become more refined. 

From very early in life children show that they like to have an impact, to make something happen or make a difference.","['Infant (Film Subject)', 'Toddler (Risk Factor)', 'Early Childhood Australia', 'Victorian Curriculum And Assessment Authority (Organization)', 'ECA Learning Hub', 'Early Childhood', 'Childcare', 'Quality', 'Education', 'National Quality Framework', 'National Quality Standard', 'NQS', 'Professional Learning Program', 'Talking about practice series', 'TAPS', 'Early Years Learning Framework', 'EYLF', 'Day care', 'Being Belonging Becoming', 'EYLF Videos', 'EYLF PLP', 'Family', 'outside schools hours care']",2014-09-18,1280,720,22264
8db0Gcv3V10,UC0580lt7nrzOCuiQT-MEVUA,Babies and toddlers: Amazing learners - Video 2,ECA Learning Hub,648,25,720p,128kbps,"Learning about others and learning to be with others is a complex and multifaceted area of learning that begins at birth and lasts a lifetime. The EYLF, VEYLDF and Framework for School Age Care (My Time, Our Place) include this area of learning within the Learning Outcome ‚ÄòChildren are connected with and contribute to their world‚Äô. Get the information booklet here: bit.ly/1BFfdbI","['Infant (Film Subject)', 'Toddler (Risk Factor)', 'Health (Industry)', 'Early Childhood Australia', 'ECA Learning Hub', 'VCAA', 'Babies and toddlers', 'Early Childhood', 'Childcare', 'Quality', 'Education', 'National Quality Framework', 'National Quality Standard', 'NQS', 'Professional Learning Program', 'Talking about practice series', 'TAPS', 'Early Years Learning Framework', 'EYLF', 'Day care', 'Being Belonging Becoming', 'EYLF Videos', 'EYLF PLP', 'Family', 'preschool', 'kindergarten', 'outside schools hours care', 'Educational', 'Parents']",2014-09-16,1280,720,16211
DGls-Z4e6OI,UC0580lt7nrzOCuiQT-MEVUA,Babies and toddlers: Amazing learners - Video 1,ECA Learning Hub,954,25,720p,128kbps,"Download the information booklet here: bit.ly/1BFfdbI

Learning in the first three years is significant in part because skills, understandings and dispositions acquired lay the foundation for success in school and in life. Of course, supporting learning is not only about investing in the future but also about contributing to the quality of children‚Äôs lives in the present.","['Infant (Film Subject)', 'Toddler (Risk Factor)', 'Health (Industry)', 'Early Childhood Australia', 'ECA Learning Hub', 'VCAA', 'Babies and toddlers', 'Early Childhood', 'Childcare', 'Quality', 'Education', 'National Quality Framework', 'National Quality Standard', 'NQS', 'Professional Learning Program', 'Early Years Learning Framework', 'EYLF', 'Day care', 'Being Belonging Becoming', 'EYLF Videos', 'EYLF PLP', 'Family', 'preschool', 'kindergarten', 'outside schools hours care', 'Educational', 'Parents', 'Parenting']",2014-09-15,1280,720,23852
smwfiZd8HLc,UC6rmcst_CnfHfOUjEtqvN4A,INDOOR Toddler Play & Activity Ideas (2-4 years old) // Gautam Pragya,Gautam Pragya,425,60,1080p,128kbps,"üå∑ Shop Homeschooling Workbooks Here: https://www.gautampragya.com/shop (Bundle is on 40% OFF Right Now
‚òÅ Shop All The Homeschooling Workbooks Here through in USD/ or any other currency: https://www.gautampragya.com/paypalshop (Bundle is on 40% OFF)

This video is all about how and what to teach, entertain & play with a 3-year-old toddler/ baby at home. Shared best tips on how I taught alphabets, numbers, shapes, colors, basic words, vegetables, fruits, animals, birds' names and much more. This you can teach to 2, 3 & 4-year toddlers at home. It develops a special bond between you and your child when we teach them at home. To apply these tips watch this video ""Indoor Toddler Play & Activity ideas (2-4 years old)"" till the end.

üåºHOW & WHATto teach 2-year-old https://youtu.be/AfRGLcYerwM
üåºMAA Kya Hoti Hain (Short Film): https://youtu.be/loon7ZY36HI

SHOP HERE:
Music Adventure Box: https://musicadventurebox.com/
Alphabet Flash Cards: https://amzn.to/37iXxY4
Board Game: https://amzn.to/2ShVEH0
Mumma Baby Puzzle: https://amzn.to/2vpLISG

‚òÅ  Find Me On:-
üåºFACEBOOK       https://www.facebook.com/Gautam123Pragya/
üåºTWITTER              http://bit.ly/2kTnK98
üåºINSTAGRAM     https://www.instagram.com/gautampragya06/
üåºBUSINESS INQUIRY  workwithpragya@gmail.com

If you liked this  ""INDOOR Toddler Play & Activity ideas (2-4 years old)"", please give it a thumbs up. 

If you'd like to watch more videos like ""INDOOR Toddler Play & Activity ideas (2-4 years old)"", please subscribe.

If you have any more tips to share or any feedback about ""INDOOR Toddler Play & Activity ideas (2-4 years old)"", please comment below.

Title:  ""INDOOR Toddler Play & Activity ideas (2-4 years old)""

I had Partnered with Music Adventure Box today, all that I shared are my genuine reviews. Go check them out & support the small business.

#toddleractivites #toddlerteaching #todddler #entertaintoddler #toddlerlearningacativities #gautampragya #funactivities #learningactivities
This Video May Have Some Affiliate Links** Meaning If You will buy any products through those links I will get a small bit of commission","['rainy day activities for toddlers', 'rainy day activities', 'indoor activities', 'kids activities', 'activities for toddlers', 'toddler activities', 'toddler play ideas', 'toddler activities 2 year old', 'indoor activities for kids', 'how to entertain a 2 year old toddler', 'what to do on a rainy day', 'activities for kids', 'how to teach 2 year baby at home', 'how to teach 2 year old', 'indoor toddler activities', 'indoor toddler play', 'activities for 4 year olds', 'activities for 2 year olds', 'gautam pragya']",2020-02-12,1920,1080,25445
NIk1-ck4c6Q,UCEjCyBoWP57QRkmFRz-aOGw,"How to teach Kids  | from a Prague kindergarten, part 1 | English for Children",WOW ENGLISH,1193,25,1080p,128kbps,"Say hello to Steve and Maggie at their LIVE SHOW on 30th December! Go to https://thrillz-store.co.uk/products/steve-maggie-show-on-30th-december-at-3-30pm to get one of a limited number of tickets!!!
-
How to manage 15+ Czech five year old kids in your classroom, if you only speak English? It¬¥s easy, no worries. You need a clear and structured lesson plan, you need to be a leader and you need to show a big warm smile. Use body language too and you will succeed. Children love to be surprised, entertained, they love physical activities and once you do all of it, you can introduce and drill any language you like, even comparatives.","['English for Children', 'ÿßŸÑÿ•ŸÜÿ¨ŸÑŸäÿ≤Ÿäÿ© ŸÑŸÑÿ£ÿ∑ŸÅÿßŸÑ', 'Angliƒçtina pro dƒõti', 'Ëã±ËØ≠ÂÑøÁ´•', 'Engelsk for b√∏rn', 'Englanti for Children', 'Anglais pour les enfants', '◊ê◊†◊í◊ú◊ô◊™ ◊ú◊ô◊ú◊ì◊ô◊ù', 'Engleski za djecu', 'Bahasa Inggris untuk Anak-anak', 'Inglese per Bambini', 'Â≠ê‰æõ„ÅÆ„Åü„ÇÅ„ÅÆËã±Ë™û', 'Ïñ¥Î¶∞Ïù¥Î•ºÏúÑÌïú ÏòÅÏñ¥', 'Englisch f√ºr Kinder', 'Engelsk for barn', 'Angielski dla dzieci', 'Ingl√™s para Crian√ßas', '–ê–Ω–≥–ª–∏–π—Å–∫–∏–π –¥–ª—è –¥–µ—Ç–µ–π', 'Angliƒçtina pre deti', 'Ingl√©s para Ni√±os', '‡∏†‡∏≤‡∏©‡∏≤‡∏≠‡∏±‡∏á‡∏Å‡∏§‡∏©‡∏™‡∏≥‡∏´‡∏£‡∏±‡∏ö‡πÄ‡∏î‡πá‡∏Å', '√áocuklar i√ßin ƒ∞ngilizce', 'Ti·∫øng Anh cho tr·∫ª em']",2013-04-23,1920,1080,29823
9DNwRwt5kI4,UCEjCyBoWP57QRkmFRz-aOGw,"How to teach Kids  | from a Prague kindergarten, part 2 | English for Children",WOW ENGLISH,799,25,1080p,128kbps,"Say hello to Steve and Maggie at their LIVE SHOW on 30th December! Go to https://thrillz-store.co.uk/products/steve-maggie-show-on-30th-december-at-3-30pm to get one of a limited number of tickets!!!
-
Make a circle, it¬¥s time to start. You can sing slowly and quickly, you can do actions, you can count and clap and turn around at the same time. Children like to move, do physical activities like ‚ÄúFind something ‚Ä¶ (colour)‚Äù or ‚ÄúStand up if ‚Ä¶ (you¬¥re wearing blue).‚Äù  And you should always push for full sentences. Your lessons are then full of energy and happy excited faces.","['English for Children', 'ÿßŸÑÿ•ŸÜÿ¨ŸÑŸäÿ≤Ÿäÿ© ŸÑŸÑÿ£ÿ∑ŸÅÿßŸÑ', 'Angliƒçtina pro dƒõti', 'Ëã±ËØ≠ÂÑøÁ´•', 'Engelsk for b√∏rn', 'Englanti for Children', 'Anglais pour les enfants', '◊ê◊†◊í◊ú◊ô◊™ ◊ú◊ô◊ú◊ì◊ô◊ù', 'Engleski za djecu', 'Bahasa Inggris untuk Anak-anak', 'Inglese per Bambini', 'Â≠ê‰æõ„ÅÆ„Åü„ÇÅ„ÅÆËã±Ë™û', 'Ïñ¥Î¶∞Ïù¥Î•ºÏúÑÌïú ÏòÅÏñ¥', 'Englisch f√ºr Kinder', 'Engelsk for barn', 'Angielski dla dzieci', 'Ingl√™s para Crian√ßas', '–ê–Ω–≥–ª–∏–π—Å–∫–∏–π –¥–ª—è –¥–µ—Ç–µ–π', 'Angliƒçtina pre deti', 'Ingl√©s para Ni√±os', '‡∏†‡∏≤‡∏©‡∏≤‡∏≠‡∏±‡∏á‡∏Å‡∏§‡∏©‡∏™‡∏≥‡∏´‡∏£‡∏±‡∏ö‡πÄ‡∏î‡πá‡∏Å', '√áocuklar i√ßin ƒ∞ngilizce', 'Ti·∫øng Anh cho tr·∫ª em']",2013-04-24,1920,1080,19969
Kaf6jiHMmYc,UCZafDtpShhUyMqeBKm2SXsg,"PROFESSIONALS‚Äî Joint Attention, Play & Engagement Regulation for Kids w/ Autism (PART 2)",Effective Child Therapy,2621,30,720p,128kbps,"Overview of Workshop: In this workshop Dr. Kasari describes how to assess joint attention and play in young children with autism. Next, she identifies ways in which clinicians can create individualized targets for intervening with a child. Lastly, she illustrates techniques for intervening on children's social communication and play skills.

Connie Kasari, Ph.D., is Professor of Education and Psychiatry at UCLA, where she conducts research on early interventions and interventions for children in their schools. Since 1990 she has been on the faculty at UCLA where she teaches both graduate and undergraduate courses. She is a founding member of the Center for Autism Research and Treatment at UCLA and has been actively involved in autism research for the past 25 years. Her current research focuses on developing targeted interventions for early social communication development in at risk infants, toddlers and preschoolers with autism, and peer relationships for school aged children with autism. She is involved in several randomized controlled trials, with her most recent work involving multi-site studies for interventions aimed at underserved and under-represented populations of children with autism. She has published widely on topics related to social, emotional, and communication development and intervention in autism. She is on the treatment advisory board of the Autism Speaks Foundation, and regularly presents to both academic and practitioner audiences locally, nationally and internationally.",['Autism Spectrum Disorders'],2018-10-19,1280,720,78547
bI1GohGXSt0,UCZafDtpShhUyMqeBKm2SXsg,"PROFESSIONALS‚Äî Joint Attention, Play & Engagement Regulation for Kids w/ Autism (PART 3)",Effective Child Therapy,2846,30,720p,128kbps,"Overview of Workshop: In this workshop Dr. Kasari describes how to assess joint attention and play in young children with autism. Next, she identifies ways in which clinicians can create individualized targets for intervening with a child. Lastly, she illustrates techniques for intervening on children's social communication and play skills.

Connie Kasari, Ph.D., is Professor of Education and Psychiatry at UCLA, where she conducts research on early interventions and interventions for children in their schools. Since 1990 she has been on the faculty at UCLA where she teaches both graduate and undergraduate courses. She is a founding member of the Center for Autism Research and Treatment at UCLA and has been actively involved in autism research for the past 25 years. Her current research focuses on developing targeted interventions for early social communication development in at risk infants, toddlers and preschoolers with autism, and peer relationships for school aged children with autism. She is involved in several randomized controlled trials, with her most recent work involving multi-site studies for interventions aimed at underserved and under-represented populations of children with autism. She has published widely on topics related to social, emotional, and communication development and intervention in autism. She is on the treatment advisory board of the Autism Speaks Foundation, and regularly presents to both academic and practitioner audiences locally, nationally and internationally.",['Autism Spectrum Disorders'],2018-10-19,1280,720,85278
iTzr7agImr8,UCf9AjM4pnPIawowvvGyvKdw,"Small Wonders, Big Gains: The Preschool Autism Classroom",Fairfax Network - Fairfax County Public Schools,1420,30,1080p,128kbps,"This video is a snapshot of what a preschool autism classroom looks like. A parent, a teacher, and a behavioral specialist provide insight and expertise on the role of early intervention and how it may influence the academic and social interaction of preschool children on the autism spectrum.

This program is archived in the Fairfax Network Video Library and is available as a high-resolution MP4 video to download, record, and save. Registration is required. For more information, visit https://www.fcps.edu/node/34028.","['Preschool (School Category)', 'Autism (Disease Or Medical Condition)', 'Applied Behavior Analysis (ABA)', 'preschool autism', 'special education', 'autism spectrum']",2015-11-13,1920,1080,42557
3mXFJ8S-boU,UCdcrzP2PPte7nmazWopKbPA,"""Helping Preschool Children with Autism: Teachers and Parents as Partners"" Program Overview",The Incredible Years,374,30,1080p,128kbps,A brief overview of the new Incredible Years¬Æ¬†Program for both Teachers and Parents working with children on the Autism Spectrum.,"['The Incredible Years', 'Parenting', 'Teacher', 'Children', 'Early Childhood Education (Field Of Study)', 'Autism (Disease Or Medical Condition)', 'Autistic Spectrum Disorders (Disease Or Medical Condition)', 'Preschool', 'Social Emotional Skills']",2015-10-16,1920,1080,11204
V9YDDpo9LWg,UCL8EwWTMmOUDXoMv0yUf8Vg,ABA Therapy: Daniel - Communication,Autism Behavioural Intervention Association,166,25,720p,128kbps,An ABA therapist works with and encourages Daniel to verbally ask for the things he needs to play a game.,"['Autistic Spectrum Disorders (Disease Or Medical Condition)', 'ABA therapy', 'Autism (Disease Or Medical Condition)', 'Autism communication', 'ABIA', 'Autism Behavioural Intervention Association', 'ABA therapy live', 'Applied Behavior Analysis (Medical Treatment)', 'Autism therapy']",2014-03-19,1280,720,4153
GNVTuLHdeSo,UCL8EwWTMmOUDXoMv0yUf8Vg,ABA Therapy - Play,Autism Behavioural Intervention Association,194,25,720p,128kbps,In this video Daniel learns to copy the actions of another person. This is a foundation skill that children use when playing with others.,"['Applied Behavior Analysis (Medical Treatment)', 'Autism (Disease Or Medical Condition)', 'Autistic Spectrum Disorders (Disease Or Medical Condition)', 'autism therapy', 'aba therapy', 'aba therapy live', 'ABA Therapy play', 'ABA videos']",2014-03-23,1280,720,4854
YUdsgQGHSR8,UC0deSyrJ8rJUROPwjUFxjNQ,Sensory Processing Disorder: Occupational Therapy Demonstration,Ann & Robert H. Lurie Children's Hospital of Chicago,266,30,720p,128kbps,"Ann & Robert H. Lurie Children's Hospital of Chicago offers a comprehensive, state-of-the-art Occupational Therapy Program with a vibrant developmental approach. Our skilled and versatile occupational therapy team specializes in the evaluation and treatment of children from premature babies to teenagers with health challenges in the following areas: 

- Fine motor skills involving small muscle movements, use of fingers, and coordination with the eyes and hand movement together.

- Visual perceptual motor skills involving the coordination of the two sides of the body, hearing, seeing, feeling and moving to perform novel functional and motor tasks. 

- Integrating previously experienced information with new learning.
 
- Sensorimotor skills involve incorporating information received from body senses and the environment to carry out appropriate movement skills required for functional living skills, following directions and social skills.

- Social interactions and play skills relating to the use of fine motor, perceptual motor and sensory motor skills while at home and in the community. 

- Upper extremity ability involving the use of shoulders, arms, hands and shoulder girdle for age-appropriate skills and activities.

- See more at: https://www.luriechildrens.org/en-us/care-services/specialties-services/occupational-therapy/Pages/index.aspx#sthash.TH9LWePa.dpuf","['Occupational Therapy (Medical Specialty)', 'Sensory Processing (Medical Treatment)', ""Lurie Children's"", 'Chicago', 'pediatric', 'Rehabilitation (Medical Treatment)', 'Sensory Processing Disorder']",2015-06-09,1280,720,7983
jisAfi381WM,UC2eqFGiFN1NtQ8yTw1oZ7uA,Occupational Therapy Assessment: A Case Study,St. David's Center,208,30,720p,128kbps,"Meet Will, a 5-year-old boy whose teachers and parents noticed that he was struggling with everyday activities. After assessment, Will began occupational therapy services in June of 2016.  Will had trouble with motor skills and sensory processing, which resulted in decreased coordination, balance, visual tracking, and strength. This video highlights snippets of assessments showing Will's progress at the beginning, middle, and end of his occupational therapy intervention. Will made progress through graduated play-based activities that addressed his differences in sensory and motor functions. Watch the results of Will‚Äôs hard work unfold over his 10 months at St. David‚Äôs Center.","['Occupational Therapy', 'Play', 'Non-Profit', ""St. David's Center"", 'Therapy']",2017-06-06,1280,720,6221
ND7pXuhs3VM,UCYYUNvhURfuC7zFli3TyPig,Occupational Therapy for Sensory Integraton at JCFS IPI in Northbrook,JCFS Chicago,207,30,720p,128kbps,"Sample Occupational Therapy Session at the Integrated Pediatric Interventions Program at Jewish Child & Family Services.  Locations in Northbrook and West Rogers Park.  For information or to ask about scheduling an appointment, call toll-free, 855-ASK-JCFS (855-275-5237), email ask@jcfs.org or visit us at www.jcfs.org/ipi","['speech therapy', 'sensory integration']",2012-05-31,1280,720,6209
ec_OE0WFEOY,UCl3NQcr5M4t-JEjqYjq2wlQ,ABA-therapy for 4 year old autistic son,Autism Market,3860,24,720p,128kbps,"The typical session of ABA-therapy for our son Lucian. I really wanted to show you how it is done in real life with minimum cropping. I used it as a basis for my own sessions with my boy.

There's a few main ideas in this video:
- Change behavior by redirection
- Show enthusiasm to student
- Eliminate distractions
- Offer a variety of tasks
- Give positive reinforcement
- Use food as reinforcement
- Offer choices to student
- Use timer to facilitate transition
- Give student time to respond
- Use things you already have for your therapy session

------------------------
------------------------
–ö–∞–∫ –≤ —Ä–µ–∞–ª—å–Ω–æ–π –∂–∏–∑–Ω–∏ –ø—Ä–æ—Ö–æ–¥–∏—Ç —Å–µ–∞–Ω—Å ABA-—Ç–µ—Ä–∞–ø–∏–∏, –ø–æ—á—Ç–∏ –±–µ–∑ –≤—ã—Ä–µ–∑–∫–∏. –≠—Ç–æ –∑–∞–Ω—è—Ç–∏–µ –ø—Ä–æ–≤–æ–¥–∏–ª –æ–ø—ã—Ç–Ω—ã–π —Ç–µ—Ä–∞–ø–µ–≤—Ç –∏ —è –∏—Å–ø–æ–ª—å–∑–æ–≤–∞–ª–∞ –µ–≥–æ –∫–∞–∫ –±–∞–∑–∏—Å, –Ω–∞ –∫–æ—Ç–æ—Ä—ã—è —è —Ä–∞–≤–Ω—è–ª–∞—Å—å –≤ —Å–≤–æ–∏—Ö –∑–∞–Ω—è—Ç–∏—è—Ö —Å —Å—ã–Ω–æ–º.

–ö–∞–∫ –≤–∏–¥–Ω–æ –∏–∑ –≤–∏–¥–µ–æ, –µ—Å—Ç—å –Ω–µ—Å—Ö–∫–æ–ª—å–∫–æ –æ—Å–Ω–æ–≤–Ω—ã—Ö –∏–¥–µ–π –¥–ª—è —Ç–∞–∫–æ–π —Ç–µ—Ä–∞–ø–∏–∏:
 –ù–µ–∂–µ–ª–∞—Ç–µ–ª—å–Ω–æ–µ –ø–æ–≤–µ–¥–µ–Ω–∏–µ –¥–æ–ª–∂–Ω–æ –±—ã—Ç—å –ø–µ—Ä–µ–Ω–∞–ø—Ä–∞–≤–ª–µ–Ω–æ –Ω–∞ –¥—Ä—É–≥–æ–µ
–ü–æ–∫–∞–∑—ã–≤–∞–π—Ç–µ —Å–≤–æ–π —ç–Ω—Ç—É–∑–∏–∞–∑–º —Ä–µ–±–µ–Ω–∫—É
–£–±–µ—Ä–∏—Ç–µ –æ—Ç–≤–ª–µ–∫–∞—é—â–∏–µ –º–æ–º–µ–Ω—Ç—ã
–ü—Ä–æ–≤–æ–¥–∏—Ç–µ –∑–∞–Ω—è—Ç–∏—è —Å—Ç—Ä—É–∫—Ç—É—Ä–∏—Ä–æ–≤–∞–Ω–Ω–æ, –ø—Ä–µ–¥–ª–∞–≥–∞—è —Ä–∞–∑–ª–∏—á–Ω—ã–µ –∑–∞–¥–∞–Ω–∏—è
–ü—Ä–µ–¥–ª–∞–≥–∞–π—Ç–µ —Ä–µ–±–µ–Ω–∫—É –ø–æ–∑–∏—Ç–∏–≤–Ω—ã–µ –ø–æ–æ—â—Ä–µ–Ω–∏—è, –≤ —Ç–æ–º —á–∏—Å–ª–µ –∏ –≤ –≤–∏–¥–µ –µ–¥—ã
–ò—Å–ø–æ–ª—å–∑—É–π—Ç–µ —Ç–∞–π–º–µ—Ä –¥–ª—è —É–ø—Ä–æ—â–µ–Ω–∏—è –ø–µ—Ä–µ—Ö–æ–¥–∞ –º–µ–∂–¥—É –∑–∞–Ω—è—Ç–∏—è–º–∏
–ü—Ä–µ–¥–ª–∞–≥–∞–π—Ç–µ —Å—Ç—É–¥–µ–Ω—Ç—É –≤—ã–±–æ—Ä
–î–ª—è —Ç–µ—Ä–∞–ø–∏–∏ –∏—Å–ø–æ–ª—å–∑—É–π—Ç–µ –≤–µ—â–∏, –∫–æ—Ç–æ—Ä—ã–µ —É –≤–∞—Å —É–∂–µ –µ—Å—Ç—å –≤ –Ω–∞–ª–∏—á–∏–∏

–£–¥–∞—á–∏,
—Å–º–æ—Ç—Ä–∏—Ç–µ –º–æ—é –≥—Ä—É–ø–ø—É –≤ –í–ö–æ–Ω—Ç–∞–∫—Ç–µ: http://vk.com/autismmarket
—Å–∞–π—Ç http://www.autismmarket.com
instagram: https://www.instagram.com/autismmarket/","['ABA', 'therapy', 'autismrecovery', 'behavioral', 'autism', 'autismsuccess', 'Autism success', 'Autism recovery', '–ê—É—Ç–∏–∑–º', '–ò–∑–±–∞–≤–ª–µ–Ω–∏–µ –æ—Ç –∞—É—Ç–∏–∑–º–∞', '–¢–µ—Ä–∞–ø–∏—è –ø—Ä–∏ –∞—É—Ç–∏–∑–º–µ', '–ó–∞–Ω–∞—Ç–∏—è —Å –∞—É—Ç–∏—Å—Ç–æ–º', 'ABA —Ç–µ—Ä–∞–ø–∏—è', '–ö–∞–∫ –∑–∞–Ω–∏–º–∞—Ç—å—Å—è —Å –∞—É—Ç–∏—Å—Ç–æ–º']",2016-03-07,1280,720,92644
rvIPH4ccfpI,UCSx9MAILUJ_j8NWIHZBI8_w,Augmentative and Alternative Communication AAC,Big Blue Canopy,27,30,1080p,128kbps,Helping children communicate using technology!,[],2021-02-22,1920,1080,812
pzh7M60ujyE,UCRujkqhiAtkHHAXXMJ5AR4w,Autism Program @ Fruitville Elementary School,Sarasota Schools,810,30,1080p,128kbps,"The Autism Program @ Fruitville Elementary School is a great example of the district motto, ""Every Student. Every Day.""  These special needs teachers define dedication to our children and are a reflection of all the dedicated teachers of Sarasota County Schools.  

Produced by Kimberly Stocker for The Education Channel, Office of Communications and Community Relations.  Sarasota County Schools.","['The Education Channel', 'Sarasota County Schools', 'Autism', 'Fruitville Elementary School']",2017-08-21,1920,1080,24275
88pZ5kmV96I,UC2gRePoph6lWNe_pAlSgERQ,PECS/phase1/requesting/speech therapy,Ajay Ramesh,74,30,1080p,128kbps,,[],2020-04-04,1920,1080,2222
9WkwG6uxnBI,UCRcBW8njgEz7-NzrWod8ZYw,How to teach Object to Picture Matching: ABA example,Good Behavior Beginnings,492,30,720p,128kbps,Example of object to picture matching.,"['ABA', 'autism', 'matching', 'Applied Behavior Analysis (Medical Treatment)']",2015-05-15,1280,720,14762
UUwGLDeYN8c,UCXe3gqCj-uoC-zmAa7If_VQ,An Introduction to Joint Attention ‚Äì teaching your child to engage and enjoy the company of others,1to1 Therapy Services,41,24,1080p,128kbps,"For more information about Joint Attention please visit our website at http://www.1to1therapy.ca/

Joint Attention (shared engagement and enjoyment)

Let‚Äôs talk about the building blocks of language‚Ä¶

INTRODUCTION:

- Have you ever wondered how your baby will learn to speak, play and interact with others?

- They start by sharing experiences with their parents. This is known as joint attention.  

- Joint attention occurs in early development and is an essential building block to learning language. 

- Joint attention emerges as early as 2 months and is well established by 18 months of age.","['1to1 Therapy Services', 'Speech Therapy', 'Toronto (City/Town/Village)', 'Joint Attention Child Development Infant Development Language Development', 'Child Development', 'Infant Development', 'Language Development']",2015-09-16,1920,1080,993
pQyNKRHbjRA,UC6E2jTDUnYrtqXh5eZuzDEg,July 2014 Joint Attention training,Paul Napier,73,30,1080p,128kbps,Description,[],2016-06-17,1920,1080,2186
3rxHweb2fXw,UC6E2jTDUnYrtqXh5eZuzDEg,July 2014 DTI,Paul Napier,321,30,1080p,128kbps,Description,[],2016-06-17,1920,1080,9608
WPRrMorSAkQ,UC3R8XrcwJwAzJO4PpoE2RiA,3-year-old Rage is learning to speak using his PECS book,Achievement Centers for Children,164,30,720p,128kbps,"Watch as speech therapist, Brittany Fleming, and occupational therapist, Valerie Holiga encourage Rage to communicate using his Picture Exchange Communication System (PECS).","['Achievement Centers for Children', 'pediatric speech therapy', 'pediatric occupational therapy', 'PECS']",2018-01-10,1280,720,4911
EuYseDl2jm8,UCEWl7wBlZzHpr-TSOXEHbUg,"Picture exchange communication system (PECS) phases 1, 2, and 3",Define the behaviour,202,30,1080p,128kbps,"This video provides an overview for teaching a picture exchange communication system (PECS phases 1, 2, and 3). 
A picture exchange communication system is one way to teach someone how to communicate with others using pictures. Since pictures are generally universally understood, this system can be used to request for items, answer questions, comment on the environment, and many more. 
Phase 1 teaches the child to request for a preferred item using a picture icon. In this phase the child will learn how to pick up a picture icon, reach towards the communicative partner (for example,  parent, sibling, family member, therapist), and release it into their hand. 
Phase 2 teaches the child to travel to and from the picture book and to the communicative partner at different distances. 
Phase 3 teaches picture discrimination between the preferred item and other items.
This video is for educational purposes. This is a model of teaching and using PECS at home.","['pecs', 'picture exchange communication system', 'phase 1', 'phase 2', 'phase 3', 'video modeling', 'parent coaching', 'parent training', 'Autism Spectrum Disorder', 'communication', 'picture exchange', 'talk with pictures', 'communicate with pictures', 'parent education', 'aba therapy']",2021-02-16,-1,-1,0
1Ab4vLMMAbY,UCXe3gqCj-uoC-zmAa7If_VQ,Joint Attention ‚Äì Why it‚Äôs important to teach your child to engage and enjoy the company of others,1to1 Therapy Services,132,24,1080p,128kbps,"For more information about Joint Attention please visit our website at http://www.1to1therapy.ca/

WHY IS JOINT ATTENTION IMPORTANT?

- Why is joint attention so important? 

- Responding to Joint Attention is when your child follows your lead and attends to the same thing as you.

- For example, if you say, ‚ÄúLook!‚Äù and point to a ball, your child should look in the direction you are pointing. This is how your child demonstrates joint attention. 

- Joint attention allows your child to learn from others and to share enjoyment with others.

- Initiating joint attention is your child‚Äôs ability to use their gaze, gestures, pointing, sounds or words to draw your attention to an object or event. Your child will look at the object of interest and then back to you to learn and share enjoyment. 

- An example is when a child looks up to the sky and points to an airplane and then looks at parent and back to the airplane passing by.

- If your child looks at you to share enjoyment or to see if you are watching him, this is called social referencing. 

- Joint attention is an important milestone for social development as your child is showing interest in not only objects but people and their reactions. 

- Children with autism spectrum disorder be delayed developing joint attention. 
- At 2 months of age, infants display joint attention by taking turns exchanging looks, noises and mouth movements 

- At 6 months, children look in the same direction as others and follow your gaze.

- At 8 months, infants demonstrate pointing

- At 9 months, infants demonstrate gestures and social referencing 

- At 1 year, children point intentionally to share interest 

- At 12-14 months, your child will start to direct your attention by pointing and then look back to you.","['Joint Attention', '1to1 Therapy Services', 'Toronto', 'How-to (Website Category)', 'Tips', 'Child Development', 'Infant Development', 'Health (Industry)']",2015-09-16,1920,1080,3167
VMtgYMIS_o0,UCV1DOpd_km_2XLIYE1LEFNA,Home Visiting Programs,First Things First,778,30,1080p,128kbps,"This video shows excerpts from a home visit from Child & Family Resources with a family in Greenlee County (Arizona).

Home visiting programs provide families of infants and toddlers with information, education and support on parenting, child development and health. They also help families make connections to other resources as needed. Home visits occur on a regular basis and are tailored to each family's specific needs. Families may participate over multiple years to support their child's healthy development.",[],2020-01-07,1920,1080,23310
jSOSCiJx_nM,UCH8X-HBqfvxpHQPzUdEO6EA,Pointing gesture - http://beforefirstwords.upf.edu,Abans de les Primeres Paraules,123,30,1080p,128kbps,,[],2015-05-16,1920,1080,3677
1Aea8BH-PCs,UCH8X-HBqfvxpHQPzUdEO6EA,Joint attention - http://beforefirstwords.upf.edu,Abans de les Primeres Paraules,159,25,1080p,128kbps,,[],2015-05-27,1920,1080,3970
js4wxP9HxG0,UCRIR6yLqmJcHAHTgIYOBY8Q,18-24 months: Follows 1-2 step directions,Mommy & Me Milestones with Laura Brown,185,30,1080p,128kbps,"Following directions, early intervention, teach my toddler to listen, receptive language, speech therapy",[],2020-02-04,-1,-1,0
w6oRoyTBmU4,UCRIR6yLqmJcHAHTgIYOBY8Q,Baby Sign 101,Mommy & Me Milestones with Laura Brown,327,30,720p,128kbps,"language development, early gestures, communication milestones, baby milestones, baby sign, 12 months, 15 months","['baby sign', '1 year old', '12 months', '15 months', 'sign language']",2018-12-19,1280,720,9755
9mNutrRQ1GI,UCP_2hL9I_TCOV-hHAyuWsHg,"Luke (3yrs) Game: Capitalism, Free Markets & Trade, Money, Math, Inventory, Service & Entrepreneur",Toni Tongco,1495,30,1080p,128kbps,We played today switching roles when Like wanted to for about two hours. Looks like it‚Äôs developing a good attention span too.,[],2022-06-08,1920,1080,44790
gsuga2JCcYc,UCH8X-HBqfvxpHQPzUdEO6EA,Gaze following - http://beforefirstwords.upf.edu,Abans de les Primeres Paraules,102,25,1080p,128kbps,,[],2015-05-27,1920,1080,2529
ZAxOyANz3J0,UCH8X-HBqfvxpHQPzUdEO6EA,Communicative babbling - http://beforefirstword.upf.edu,Abans de les Primeres Paraules,104,25,1080p,128kbps,,[],2015-05-27,-1,-1,0
Cmw2H5C_Ves,UCtKSLA4sBvp4gU-NIGFEQgg,Solving Addition Problems with Objects,Teach for Life,197,30,720p,128kbps,"Sumita Ghosh  |  Wichita Collegiate School  |  Wichita, KS

In this activity, the teacher shows students how to solve written addition problems by counting tiles or other small objects. The students also get practice writing the problems, using sheets with the addition and equals symbols printed on them.

Teach for Life is a global movement of people sharing knowledge to better educate our children and create hope for the world. Find more educational videos, learn more about the movement, or learn how to participate at https://teachforlife.org/

Facebook: https://www.facebook.com/TeachforLifeICT/
Twitter: https://twitter.com/teachforlife_
Instagram: https://instagram.com/_teach4life_
Pinterest: https://www.pinterest.com/teachforlifeICT/","['Adding', 'teaching addition', 'addition activity', 'pre k']",2017-02-13,1280,720,5917
VgunPOuHyW0,UCtKSLA4sBvp4gU-NIGFEQgg,Solving Subtraction Problems with Objects,Teach for Life,197,30,720p,128kbps,"Sumita Ghosh  |  Wichita Collegiate School  |  Wichita, KS

In this activity, the teacher shows students how to solve written subtraction problems by counting tiles or other small objects. The students also get practice writing the problems, using sheets with the subtraction and equals symbols printed on them.

Teach for Life is a global movement of people sharing knowledge to better educate our children and create hope for the world. Find more educational videos, learn more about the movement, or learn how to participate at https://teachforlife.org/

Facebook: https://www.facebook.com/TeachforLifeICT/
Twitter: https://twitter.com/teachforlife_
Instagram: https://instagram.com/_teach4life_
Pinterest: https://www.pinterest.com/teachforlifeICT/","['Subtracting', 'subtraction activity', 'teaching subtraction', 'pre k']",2017-02-13,1280,720,5904
4Y7MMmedX7E,UCtKSLA4sBvp4gU-NIGFEQgg,Skip Counting by 2's,Teach for Life,173,30,720p,128kbps,"Jena Simms  |  Wichita Collegiate School  |  Wichita, KS

In this lesson the teachers demonstrates how to count by twos using a chart of numbers up to one hundred.  The students learn to count by 2's from any number.

Teach for Life is a global movement of people sharing knowledge to better educate our children and create hope for the world. Find more educational videos, learn more about the movement, or learn how to participate at https://teachforlife.org/

Facebook: https://www.facebook.com/TeachforLifeICT/
Twitter: https://twitter.com/teachforlife_
Instagram: https://instagram.com/_teach4life_
Pinterest: https://www.pinterest.com/teachforlifeICT/","['skip counting', 'counting activity', 'math', 'early childhood']",2017-03-01,1280,720,5194
IMrKEA2j278,UCtKSLA4sBvp4gU-NIGFEQgg,Subtracting: Bigger and Smaller Number,Teach for Life,238,30,1080p,128kbps,"Cathy Gray  |  Wichita Collegiate School  |  Wichita, KS

This activity teaches children that in subtracting, you start with the bigger number and take away the smaller number. The students practice rolling dice and putting the numbers in the correct order for a subtraction problem.

Teach for Life is a global movement of people sharing knowledge to better educate our children and create hope for the world. Find more educational videos, learn more about the movement, or learn how to participate at https://teachforlife.org/

Facebook: https://www.facebook.com/TeachforLifeICT/
Twitter: https://twitter.com/teachforlife_
Instagram: https://instagram.com/_teach4life_
Pinterest: https://www.pinterest.com/teachforlifeICT/","['subtracting', 'pre k', 'teaching subtraction', 'subtraction activity']",2017-03-01,1920,1080,7121
dzaiF1iIc68,UCtKSLA4sBvp4gU-NIGFEQgg,Counting Objects: Spindle Box,Teach for Life,81,30,720p,128kbps,"Swarna Manamperi  |  Wichita Collegiate School  |  Wichita, KS

In this numbers lesson the children learn to count by counting sticks and putting the correct amount in to the correlating box.

Teach for Life is a global movement of people sharing knowledge to better educate our children and create hope for the world. Find more educational videos, learn more about the movement, or learn how to participate at https://teachforlife.org/

Facebook: https://www.facebook.com/TeachforLifeICT/
Twitter: https://twitter.com/teachforlife_
Instagram: https://instagram.com/_teach4life_
Pinterest: https://www.pinterest.com/teachforlifeICT/","['Counting', 'Numbers', 'Teach', 'Math']",2016-10-20,1280,720,2420
Lu-4VcxuBW0,UCtKSLA4sBvp4gU-NIGFEQgg,Teaching Patterns using Natural Materials,Teach for Life,133,30,720p,128kbps,"Blake Burbach  |  Discovery Place Preschool  |  Wichita, KS

The teacher explains ""AB"" and ""ABC"" patterns. She creates examples of the patterns using natural materials and then has the students make their own patterns.

Teach for Life is a global movement of people sharing knowledge to better educate our children and create hope for the world. Find more educational videos, learn more about the movement, or learn how to participate at https://teachforlife.org/

Facebook: https://www.facebook.com/TeachforLifeICT/
Twitter: https://twitter.com/teachforlife_
Instagram: https://instagram.com/_teach4life_
Pinterest: https://www.pinterest.com/teachforlifeICT/","['patterns', 'preschool', 'pre k', 'pattern activity', 'teaching patterns', 'math', 'math activity']",2017-04-20,1280,720,3978
HUnQ6VE9NIY,UCtKSLA4sBvp4gU-NIGFEQgg,Written Numbers: Hanging Teens Board,Teach for Life,173,30,720p,128kbps,"Sumita Ghosh  |  Wichita Collegiate School  |  Wichita, KS

This number games teaches children to match strands of beads with there correlating numbers. This teaches the children to count larger number clear into the double digits.

Teach for Life is a global movement of people sharing knowledge to better educate our children and create hope for the world. Find more educational videos, learn more about the movement, or learn how to participate at https://teachforlife.org/

Facebook: https://www.facebook.com/TeachforLifeICT/
Twitter: https://twitter.com/teachforlife_
Instagram: https://instagram.com/_teach4life_
Pinterest: https://www.pinterest.com/teachforlifeICT/",[],2016-10-20,1280,720,5184
jT5WV_7EJr8,UCtKSLA4sBvp4gU-NIGFEQgg,Touch Counting with Objects,Teach for Life,161,30,720p,128kbps,"P.J. Auchterlonie  |  Caldwell Elementary  |  Wichita, KS

In this activity, students use objects, or counters, to practice touch counting. They roll a die and then lay out that number of discs. They then touch each disc as they count the number aloud.

Teach for Life is a global movement of people sharing knowledge to better educate our children and create hope for the world. Find more educational videos, learn more about the movement, or learn how to participate at https://teachforlife.org/

Facebook: https://www.facebook.com/TeachforLifeICT/
Twitter: https://twitter.com/teachforlife_
Instagram: https://instagram.com/_teach4life_
Pinterest: https://www.pinterest.com/teachforlifeICT/","['counting objects', 'pre k', 'counting activity', 'math lesson']",2017-02-24,1280,720,4814
oRtGfXWrf6Y,UCtKSLA4sBvp4gU-NIGFEQgg,Ideas for Teaching Rhyming: Smiley Wiley,Teach for Life,189,30,720p,128kbps,"P.J. Auchterlonie  |  Caldwell Elementary  |  Wichita, KS

In this activity, the students decide whether two words rhyme and use the characters of Smiley Wiley and Sad Sarah to indicate their choice of yes or no. Sometime the teacher gives them two words and other times, she gives one word and has a student choose the other. Rhyming is an important skill that helps students prepare for reading, writing, and spelling.

Teach for Life is a global movement of people sharing knowledge to better educate our children and create hope for the world. Find more educational videos, learn more about the movement, or learn how to participate at https://teachforlife.org/

Facebook: https://www.facebook.com/TeachforLifeICT/
Twitter: https://twitter.com/teachforlife_
Instagram: https://instagram.com/_teach4life_
Pinterest: https://www.pinterest.com/teachforlifeICT/","['rhyming', 'pre k', 'rhyming game', 'rhyming activity']",2017-02-23,1280,720,5656
iZHhWklQwmQ,UCtKSLA4sBvp4gU-NIGFEQgg,Introducing New Sight Words,Teach for Life,189,30,720p,128kbps,"Tyla Ast  |  Wichita Collegiate School  |  Wichita, KS

In this lesson, the teacher introduces five new sight words -- words that have to be memorized because they don't follow any particular rules for sounding out words. The teacher reads each sight word and uses it in a sentence, and then all the students read the sight words together. Then she asks one child at a time to pick a sight word and use it in a complete sentence. They end by reading the words together once more.

Teach for Life is a global movement of people sharing knowledge to better educate our children and create hope for the world. Find more educational videos, learn more about the movement, or learn how to participate at https://teachforlife.org/

Facebook: https://www.facebook.com/TeachforLifeICT/
Twitter: https://twitter.com/teachforlife_
Instagram: https://instagram.com/_teach4life_
Pinterest: https://www.pinterest.com/teachforlifeICT/","['sight words', 'pre k', 'sight word activity']",2017-03-08,1280,720,5676
tw91epryD28,UCq2Sm0h2cDmqKtlaonWNUpQ,Play Doh | Basic Subtraction Games for Kids with Play Doh | Subtraction Games| Maths Games | KS1,LearningMole,212,30,1080p,128kbps,"Pop over to www.learningmole.com to subscribe and access over 300 fabulous educational videos AND we are offering a FREE month :) Just enter the code C6CZB4JC at checkout and cancel anytime. 

The first couple of steps taken in subtraction are the most important because they are the base on which the rest of the steps come, and that's why parents should become very creative with such lessons and choose the right games to play with kids and teach them basic subtraction.

Who does not have play doh in the house for the kids to enjoy playing with? Almost no body and that's exactly the reason why we love to depend on it in so many different ways when it comes to learning. This educational video is about teaching the child basic subtraction through play-doh splat.

With the play doh, make small balls which the child will use to count and subtract - you could create them all in the same color or even in different ones, its all up to you. If you are trying to make it more interesting for the child, you could even let them roll some balls with you before you start the game - or the lesson :-)

All what the parent will do is impose different subtraction equations on the child and let him/her do those equations from the play doh balls. For example, if the equation is 6-1, the kid will then have to bring six play doh balls and place them in front of him/her and then splat the number that needs to be taken away which in this case is one in order to manage bringing the final answer out and solve the equation, which will be 5.

This is a really fun and interesting math game for kids from which they could learn subtraction, it only needs a willing player and the play doh, and everything will be set and ready for the lesson to start. We believe that kids enjoy this method a lot because it depends on their favorite play doh and because they get to splat the balls which they are supposed to take away to get out the final answer.

There are lots of different math games for kids when it comes to addition and subtraction, but every single one will always depend on the age of the child and the facts about numbers that he/she has already learned and could keep up with. Parents should be always careful while they are choosing these math games for their kids because they are the only ones who know where their kids are standing in math.

In addition to these different games, there are also the typical ordinary methods and strategies which are used in teaching kids how to subtract, these make subtraction much easier but they are not done with games or toys. There are those strategies followed on the white board, such as the column method (https://www.youtube.com/watch?v=RcAwwP8PJbg), there is also the removal mental strategy (https://www.youtube.com/watch?v=OSYXMxtzGbA), the counting on strategy (https://www.youtube.com/watch?v=4pyB7Sk-ghM) and there are also those different mental math tricks which are related to several other mathematical operations, such as addition, multiplication and division.

This play doh method used with the kids to learn basic subtraction is very easy, fun and challenging, and it always works with the kids because they get to roll the play doh balls themselves, place the number they are asked about, and they are also the ones who will splat the number of balls which they are supposed to remove from the bigger number and bring the final answer.

Challenge your kids, bring them different games and tricks in order to play and learn both at the same time, and let them be the ones in leading the game and putting the rules to feel that they could solve the equations all by themselves.

There are lots of math games for kids to learn subtraction, some are also with play doh while others are not, but they should be always with the right tools that would grab the attention of the child and give them the chance to learn something new.

Visit www.learningmole.com for more educational lessons and videos in Maths, English, Crafts and Cooking.

LearningMole focuses on educating children of all ages. We offer advice and practical, interactive ideas to help parents challenge, homeschool, teach and develop their children‚Äôs skills at home. 

Help your child to explore the key concepts of number, counting, addition, subtraction, multiplication and division in Maths. Spelling, reading, writing and grammar in English. Help them to develop their imagination and creativity with crafts and to explore a range of skills to cook, bake and create tasty treats and snacks.

Easy to follow activities will support you and your child to learn and practice new concepts as well as enjoy spending time together. Help your child to progress and explore and most importantly - have fun!","['play doh', 'play doh games', 'basic math', 'subtraction for kids', 'subtraction ks1', 'how to subtract', 'play doh videos', 'playdough games', 'play doh for kids', 'addition and subtraction games', 'subtraction games', 'subtraction problems', 'number activities for preschoolers', 'preschool math', 'preschool activities', 'kindergarten games', 'preschool games', 'playdough', 'ks1', 'subtraction', 'preschool activity', 'basic subtraction', 'basic subtraction for kids', 'learningmole', 'math games', 'play dough activities']",2017-01-13,1920,1080,6352
i7GsJrDdCVU,UCq2Sm0h2cDmqKtlaonWNUpQ,Play Doh Learning - Writing Letters with Play Doh | Play Doh Game | English Alphabets | Alphabet,LearningMole,571,30,1080p,128kbps,"Pop over to https://learningmole.com/pricing/ to subscribe and access over 350 fabulous educational videos AND we are offering a FREE month :) Just enter the code C6CZB4JC at checkout and cancel anytime. 

Play Doh Learning - Writing Letters with Play Doh | Play Doh Game | English Alphabets | Alphabet


Learning to write down the English alphabet letters could be a lot fun, but what are these fun methods? Writing down the letters with the play-doh is one of these exciting and fun learning methods; play-doh is most probably found in every home and it is easy to depend on at the same time.

Prepare different play-doh pieces, a pencil that you are not using, and plan the letters that you want your child to try writing them down. The best thing about using the play-doh is that if one is ruined from the writing, you could easily use another and there are actually different ways or games that could be played with it.

Kids could do different letter shapes out of the play-doh and they could actually write on it as if they are writing on a piece of paper, which will also turn out to be interesting for them because they are not writing on paper as they are used to.

Parents will choose a letter and ask the child to write it down on the play-doh, but before doing that, they should first ask them about the sound that the letter produces and at the same time let them trace the letter in the air with their magic finger in order to show how it should be written down.

To make the whole thing challenging for the child, try changing the way you ask them the question. At the beginning ask them what is the letter that produces a specific sound and then let them write it down, you could also make the movement done with the sound in jolly phonics and ask them what is the letter that represents it, and you could also bring it from the side of asking them what is the letter that their name starts with and also let them write it down. There are lots of different ways to choose the letter which the kids will write down and lots of ways to test their knowledge and memory.

Learning the English alphabet usually comes attached to other steps, such as knowing more about phonics and how the letters should sound, as well as learning to write these letters down correctly through following the same way every single time in order not to get lost at some point.

There are different educational videos on our channel related to teaching the child how to write down the different alphabet letters through different games and activities, such as using the paint or else playing with the play-doh. There is the one related to learning to write down the letter 'a' (https://www.youtube.com/watch?v=HFLwaVW_0U8), writing the letter 'e' (https://www.youtube.com/watch?v=N3Vja3_Rvjs), the letter 's' (https://www.youtube.com/watch?v=YzwoPNQk1XY), there is also the one related to the letter 'n' (https://www.youtube.com/watch?v=Jg0bhC0gqRU), the letter 't' (https://www.youtube.com/watch?v=ZT8ImgjSA-g) and the letter 'L' (https://www.youtube.com/watch?v=oVL9oskIn10).

The interesting thing about using these different methods is that they not only educate the child and teach them to write and spell the letters correctly, but it also helps with the fine motor skills of the child and give them the chance to improve their thinking skills; how they are going to use the different colors and sizes of the Lego to write a letter, how they are going to deal with the play-doh to create a letter, etc.

Help your child if he/she is finding a difficulty in something and guide them to the right direction and also try to challenge them if they are good at the whole process and know all the answers to your questions, try to see how far they could get and how much they actually know. Challenging the child will bring you to some places you did not even think about or consider before! Kids are really smart.

Don't ever worry if the child doesn't know a specific thing because it all comes with practice.

Learning with play doh can be lots of fun. Use play doh to help your child learn the English alphabet. Make prints of the letters, write ABC alphabet and trace the letters to help your child with their letter formation. A great resources for ks1 phonics and letter writing. Suitable for preschool and kindergarten as well as foundation stage or even those learning English.

Visit www.learningmole.com for more educational lessons and videos in Maths, English, Crafts and Cooking.

Play Doh Learning  - Writing letters in English for Kids - ABC Alphabet.

LearningMole focuses on educating children of all ages. We offer advice and practical, interactive ideas to help parents challenge, homeschool, teach and develop their children‚Äôs skills at home.","['writing in english', 'learn english', 'learn the alphabet', 'learn to write in english', 'play doh learning', 'play doh games', 'playdough ideas', 'alphabet letters', 'abc letters', 'english alphabet', 'alphabet writing', 'alphabet in english', 'abc alphabet', 'alphabet letter', 'alphabet games for kids', 'writing alphabet', 'the english alphabet', 'english alphabet writing', 'letter recognition games', 'writing letters with play doh', 'learningmole', 'homeschooling', 'english alphabet letters', 'phonics', 'spelling', 'abc', 'kids']",2017-01-15,1920,1080,17107
aWV7UUMddCU,UCUunHJtnux8FZ7HIV3S0e4g,Play Therapy Session working on Feelings with Candy Land Game,Albert Knapp & Associates,499,30,1080p,128kbps,In this video Dr. Knapp uses the Candy Land game as an initial assessment tool in a beginning session to assess thoughts and feelings that the client is able to share and express. Dr. Knapp sets up the session to model the feelings for the client and to then take turns while playing and engaging in the Candy Land Game. For more information you can contact Dr. Knapp: drknapp@akatherapy.com,"['psychology', 'playtherapy', 'childtherapy', 'candylandgame', 'feelings', 'feelingsandemotions', 'albertknapp', 'drknapp', 'learning emotions', 'learning feelings']",2016-11-04,1920,1080,14944
whHPATlDw8M,UCUunHJtnux8FZ7HIV3S0e4g,Dr. Knapp and Leo are playing fortune teller,Albert Knapp & Associates,762,60,1080p,128kbps,,[],2017-12-31,1920,1080,45732
Dai13S2XbsI,UCPdNVAdC1Ac0vHVEWpR2P7w,Joint Attention,kidsensemedia,187,30,720p,128kbps,Joint attention should be well established by the age of 18 months. It is an important skills in the development of a toddler. It is a foundation skill for social referencing as well as  cognitive and language development. This video will give you some tips on how to work on this with your child.,"['language development', 'joint attention', 'cognitive', 'social referencing']",2017-07-13,1280,720,5596
HK25g1U-GF4,UCPdNVAdC1Ac0vHVEWpR2P7w,Turn Taking,kidsensemedia,121,30,720p,128kbps,Discover some fun and easy ways to practise turn-taking with your child at home.,[],2017-06-06,1280,720,3618
X7qv5w1clGw,UCPdNVAdC1Ac0vHVEWpR2P7w,Eye Contact,kidsensemedia,129,30,720p,128kbps,Help your child to improve their listening and learning skills by developing eye contact using some of these simple play-based activities.,[],2017-06-06,1280,720,3856
erJVXbaIicU,UCDj4EExikV-01HAcInG5tLw,EASY TRICK TO IMPROVE YOUR CHILD'S EYE CONTACT!!,Bridges Speech Center Dubai,207,24,1080p,128kbps,"3 Simple activities using STICKERS are shown in this video!

ACTIVITY 1 - To learn body parts.
ACTIVITY 2 - To improve eye contact.
ACTIVITY 3 - To improve hand-eye coordination.

#speechtherapy #psychology #behavior therapy #occupational therapy #bridgesspeechcenter #autism #autismspectrumdisorder",['bridgesspeechcenter autism'],2020-05-24,1920,1080,4973
PO6iJ3tTvcA,UCDj4EExikV-01HAcInG5tLw,RECIPE TO IMPROVE YOUR CHILD'S VOCABULARY!!,Bridges Speech Center Dubai,275,30,720p,128kbps,DONT MISS TANMAY'S BLUNDER AT THE END! :),['#stayhomestaysafe'],2020-04-18,1280,720,8241
2b1zXYv7Fn8,UCRcBW8njgEz7-NzrWod8ZYw,How to Teach Object to Picture matching: ABA example,Good Behavior Beginnings,242,30,720p,128kbps,An example of teaching object to picture matching to a 2 year old. There is feedback to the provider included.,"['ABA', 'object to picture matching', 'applied behavior analysis', 'montessori curriculum', 'how to aba', 'applied behavior analysis example', 'applied behavior analysis techniques', 'applied behavior analysis (aba)', 'object to picture matching montessori']",2017-11-16,1280,720,7269
WpbXt04qWEk,UCH2C2GXT11f8Zs7NK9Utl6A,Physical Therapy at the Children's Therapy Center,ChildrensTherapyQC,132,30,1080p,128kbps,,[],2015-04-17,1920,1080,3965
31lG75MDwSA,UCH2C2GXT11f8Zs7NK9Utl6A,Therapy Testimonial from Parent,ChildrensTherapyQC,189,30,1080p,128kbps,,"[""Children's Therapy Center of the Quad Cities"", 'Quad Cities', ""Children's Therapy Center""]",2015-04-17,-1,-1,0
rLRfPneawQs,UCCQ9LYhlSvhZjqBn0kVNAPw,Turn Taking in Play,DSRFCANADA,241,30,1080p,128kbps,"@DSRFCANADA Speech Therapist Marla demonstrates exercises for teaching the important skill of taking turns in play.
http://DSRF.org/LearnAtHome",[],2020-04-29,1920,1080,7221
lEeraAOgcKc,UCfN4zYzDdBQAA_oQh93YfCg,Just Play! Teaching Turn Taking And Waiting,ESC Region 13,118,24,720p,128kbps,"More Resources at: http://www4.esc13.net/ppcd
It's MY turn! Watch this short video featuring a preschool special education teacher as she explains how to use play to help children learn to wait and take turns.","['taking turns', 'learning to wait', 'Pre School', 'preschool', 'early childhood', 'PPCD', 'special education', 'visuals', 'evidence based practices', 'centers', 'center time', 'learning centers', 'appropriate behavior', 'teaching new skills', 'routines', 'interactions', 'setting up a preschool classroom', 'learning through play', 'play is the work of a child', 'preschool play', 'kids at play', 'teaching play', ""play and children's learning"", 'benefits of learning through play', 'managing behavior', 'behavior is communication']",2017-11-01,1280,720,2840
qSygRnE4D54,UCCQ9LYhlSvhZjqBn0kVNAPw,Sentence Stripe Game,DSRFCANADA,208,30,1080p,128kbps,@DSRFCANADA Teacher Andrea demonstrates the Sentence Stripe Game for developing reading fluency.,[],2020-04-06,1920,1080,6222
fvJbRuIu4-0,UCsPsIG_jQAlGW0MfPmY-WGw,Using Games to Teach Taking Turns,Mackenzie Weintraub,149,30,720p,128kbps,"Games are my favorite way to teach children how to take turns! Watch Emmett, Gus, and I practice taking turns while playing The Rainbow Fish Share and Sparkle game.

Thanks for watching! Please feel free to share with colleagues and families you work with! If you have any questions or want more information please get in touch: www.mackenzieweintraub.com.

Here is a link to ""How to Teach Your Child to Take Turns"" from the Backpack Connection Series: http://challengingbehavior.cbcs.usf.edu/docs/backpack/BackpackConnection_socialskills_turns.pdf","['iMovie', 'Taking Turns', 'Early Childhood Education', 'Social/Emotional Development', 'Social Skills', ""Children's Games"", 'Pyramid Model', 'EC PBIS', 'Mackenzie Weintraub', 'Preschool']",2018-12-07,1280,720,4473
ivX3JXIV1W4,UCsPsIG_jQAlGW0MfPmY-WGw,Using the Solution Kit to Problem Solve,Mackenzie Weintraub,81,30,720p,128kbps,"Using the NCPMI solution kit to help Emmett and Eli solve a problem. Get your free copy of the solution kit: https://challengingbehavior.cbcs.usf.edu/docs/SocialEmotionalSkills_solution-kit_cue-cards.pdf. Also available in Spanish: https://challengingbehavior.cbcs.usf.edu/docs/Solution_kit_cards_school_SP.pdf. 

Parents, there is a solution kit for the home too: https://challengingbehavior.cbcs.usf.edu/docs/Solution_kit_cards_home.pdf. In Spanish too: https://challengingbehavior.cbcs.usf.edu/docs/Solution_kit_cards_home_SP.pdf. And Somali too: https://challengingbehavior.cbcs.usf.edu/docs/Solution_kit_cards_home_Somali.pdf. 

Thanks for watching! Sign up for my free newsletter or reach out with any questions at www.mackenzieweintraub.com. Please feel free to share this video!",[],2021-05-24,1280,720,2437
zmZpa1p5zaE,UCsPsIG_jQAlGW0MfPmY-WGw,Positive Descriptive Feedback,Mackenzie Weintraub,81,30,720p,128kbps,"Connect with children and motivate good behavior by giving children positive, descriptive feedback! Ideas can be found on the second page: https://eclkc.ohs.acf.hhs.gov/sites/default/files/pdf/no-search/iss/building-relationships/fosteringconnections-teachertips.pdf

Thanks for watching! Sign up for my newsletter or reach out with any questions at www.mackenzieweintraub.com. Please feel free to share this video!","['iMovie', 'positive behavior', 'good behavior', 'positive feedback', 'descriptive feedback', 'preschool', 'social/emotional', 'pyramid model', 'ec pbis', 'toddlers', 'follow directions', 'encouragement', 'connecting with children']",2020-05-22,1280,720,2416
N_9vfhsDz8w,UCuQFciSjwHz-KmKbINyPpOw,Turn Taking,Jordan Mauch,282,30,1080p,128kbps,"This video outlines the strategies to help children learn to take turns. This resource was compiled by Jordan Mauch, OTS, in partial fulfillment of the requirements for the degree of Doctor of Occupational Therapy in partnership with Osseo Area Schools, 2021.",[],2021-03-22,1920,1080,8455
odFKscFdEas,UCuQFciSjwHz-KmKbINyPpOw,Therapeutic Brushing,Jordan Mauch,766,30,1080p,128kbps,"This video outlines what therapeutic brushing is and how to complete it. Please speak to your occupational therapist prior to starting this protocol to make sure it is right for your child. Your occupational therapist will also provide additional training.

 This resource was compiled by Jordan Mauch, OTS, in partial fulfillment of the requirements for the degree of Doctor of Occupational Therapy in partnership with Osseo Area Schools, 2021.",[],2021-03-17,1920,1080,22978
IzIGXVPWaFQ,UCK3uhZWJh8SocdtJVIwt9Fg,Top Tip - Taking Turns in Play!,ELFT SCYPS Newham,43,30,1080p,128kbps,"In this video we will demonstrate how to develop your child's waiting, attention and interaction skills through turn-taking activities.",[],2020-05-15,1920,1080,1280
r_MB_vPXqkA,UCK3uhZWJh8SocdtJVIwt9Fg,BENGALI - Blowing Bubbles,ELFT SCYPS Newham,82,30,1080p,128kbps,How to use bubbles to develop your child‚Äôs attention and communication skills. Thanks for watching!,[],2021-03-19,1920,1080,2447
XyNTKSm69Gs,UCNjXz1a_K44oBon2lbCtxpw,Turn taking with your toddler/preschooler,High 5 Communication Resources,35,30,720p,128kbps,"This week's #WatchThisWednesday video: How to practice taking turns with your child! Because the #1 thing I hear parents say to their toddler when they're engaging with a friend is: ""Share that toy!"" However, successful turn taking starts with taking turns at home with caregivers! See below for more detailed directions!

ps - I prefer to call it turn taking rather than sharing as this implies the child will get the toy back soon. It helps with the ""anxiety"" involved with sharing toys.e44r

Remember: practice makes perfect! Enjoy and happy turn taking! 

HOW:
1. Engage in an activity in which they are interested. In this video, we were making ‚Äúblock soup‚Äù by stirring blocks in a bowl with a big wooden spoon. My guy loves doing this. Other ideas for turn taking include rolling a ball back and forth, flying a toy plane, driving a toy car, playing a toy piano/xylophone, etc. Really, it can be ANYTHING your child is interested in.

2. Allow your child to take the first turn. After 30-90 seconds, take a turn by saying, ‚ÄúMy turn. It‚Äôs my turn! Give it to me please.‚Äù Take the object gently but firmly. 

3. Play with the object in an obviously enjoyable manner (even if you aren't excited to stir that block soup, FAKE IT!). Model an appropriate way to play with the toy. 

Take a SHORT turn playing with the object ‚Äì and I mean SHORT. When you first begin practicing turn taking, your turn can be as short as 3-5 seconds. If your child gets upset, you may have to hold the object away from them so they can‚Äôt grab it back from you. Do not allow your child to take the object back until it is their turn. If they become very upset, make the turn slightly shorter! ****The goal is to get them to feel comfortable giving you the object and to KNOW that they will indeed get the object back after your turn.

4. Let your child take his/her turn. Say, ‚ÄúIt‚Äôs your turn! Your turn. Here you go. Thanks for letting me have a turn!‚Äù Your child‚Äôs turn can be longer. If he/she is having a hard time taking turns with you, you‚Äôll want to make their turn significantly longer.

5. Continue as long as your child is interested in the object. Once they lose interest, move on to a new activity.

WHY???
Why would a speech therapist be talking about turn taking?? 

1. First of all, turn taking is a foundational skill for language because if you think about it, a conversation is really just 2 people taking turns talking. 

2. Secondly, you‚Äôre practicing social skills with your child (yes, ""speech therapists"" also work on social skills...a lot, actually). If you want your child to learn how to take turns with other children, this is the place to start! When you start with turn-taking practice with your child (rather than with other children), you can maintain control over the situation and give yourself extra short turns and your child extra long turns. The end goal of this activity is to make turn taking feel POSITIVE to your child!

WHO?
An adult caregiver will have the most success practicing turns with your toddler to start. Siblings or other children under the age of 10ish are not a great choice as they will likely want to take longer turns with the toy, and this may end up feeling like a negative experience for your child. 

WHEN? 
It‚Äôs best to practice these skills when your child is well rested, fed and in a good mood.","['#WatchThisWednesday', 'turn taking', 'toddler', 'high 5 communication resources', 'speech therapy', 'social skills', 'take turns']",2017-07-12,1280,720,1053
LHprThG7a00,UCogdNa9Hqm_ZJHLScKI3hfQ,Amelia 07-2022,Naomi Davis,32,30,1080p,128kbps,,[],2022-06-20,1920,1080,948
4ktkxv1aNS8,UC2MoavNb5sa_m1VP7la5ukQ,ABA Matching,Andrea Milton Ortiz,181,30,1080p,128kbps,Milton's first week at school. September 2016,[],2016-12-17,1920,1080,5413
f6wqlpG9rd0,UCcdj0no4KBJMfPVq0QohFRw,Discrete Trial Training,Ashleigh Dinkel,360,30,1080p,128kbps,This video models a Discrete Trial Training lesson. Please note that this is the first Discrete Trial Training lesson I have taught. There are more then likely changes that need to be made in regard to delivery of the lesson.,"['discrete trial training', 'teaching', 'special education', 'delivery model']",2016-10-16,1920,1080,10795
RzI6Ar5mu2Q,UCL8EwWTMmOUDXoMv0yUf8Vg,ABA Therapy - Learning about Animals,Autism Behavioural Intervention Association,205,25,720p,128kbps,,"['Applied Behavior Analysis (Medical Treatment)', 'Autism (Disease Or Medical Condition)', 'Autism therapy', 'ABA therapy', 'ABA therapy live sessions']",2014-03-19,1280,720,5121
2AT3ped6GsI,UCtKSLA4sBvp4gU-NIGFEQgg,Celebrating Student Success,Teach for Life,58,30,720p,128kbps,"Amanda Leger  |  Wichita Collegiate School  |  Wichita, KS

The teacher recognizes the students' hard work and she coaches them to be proud of their own success. Sometimes she will have all the students celebrate the hard work of a classmate. This builds their confidence in learning.

 Teach for Life is a global movement of people sharing knowledge to better educate our children and create hope for the world. Find more educational videos, learn more about the movement, or learn how to participate at https://teachforlife.org/

Facebook: https://www.facebook.com/TeachforLifeICT/
Twitter: https://twitter.com/teachforlife_
Instagram: https://instagram.com/_teach4life_
Pinterest: https://www.pinterest.com/teachforlifeICT/","['joyful learning experience', 'pre k', 'preschool', 'education', 'classroom managment']",2017-04-06,1280,720,1735
6mA6UAoT3M0,UCB3eI3ENiFXGuchginHZP_Q,ESL Tips - Flash Card Game - Mike's Home,Mike's Home ESL,233,30,1080p,128kbps,"Here is an ESL game that you can use at home or at school! Quite fun it helps the kids remembering and practicing new vocabulary! 
Follow Mike's Home on Facebook, Youtube and Twitter for new updates.
‚òÖ WEBSITE:                http://www.mikeshomesl.com/
‚òÖ YouTube Channel: https://www.youtube.com/user/misteurflo
‚òÖ Facebook:               https://www.facebook.com/MikesHome1/
‚òÖ Twitter :                   https://twitter.com/Mike_s_Home
‚ÄúMusic by Sophonic Media, http://instrumentalsfree.com‚Äù","[""Mike's"", 'Home', 'ESL', 'teaching', 'Teaching', 'in', 'foreign', 'country', 'English', 'Songs', 'and', 'Nursery', 'Rhymes']",2017-05-23,1920,1080,6979
G0NLcryxxgE,UCtKSLA4sBvp4gU-NIGFEQgg,"Creating a ""Can Do"" Attitude",Teach for Life,88,30,720p,128kbps,"Amanda Leger  |  Wichita Collegiate School  |  Wichita, KS

Students are inspired to have a positive attitude and perseverance through difficult situations. When they are struggling and want to quit, the teacher encourages them to ask for help, take more time to think, or just take a break. She instills a mantra of ""I can do hard things"" when struggling with difficult situations.

 Teach for Life is a global movement of people sharing knowledge to better educate our children and create hope for the world. Find more educational videos, learn more about the movement, or learn how to participate at https://teachforlife.org/

Facebook: https://www.facebook.com/TeachforLifeICT/
Twitter: https://twitter.com/teachforlife_
Instagram: https://instagram.com/_teach4life_
Pinterest: https://www.pinterest.com/teachforlifeICT/","['joyful and satisfying experience', 'pre k', 'preschool', 'education', 'classroom managment']",2017-04-11,1280,720,2624
LS9Hztyrmmw,UCEjCyBoWP57QRkmFRz-aOGw,Unboxing with kids | Learn English At home with Steve and Maggie,WOW ENGLISH,214,30,1080p,128kbps,"Say hello to Steve and Maggie at their LIVE SHOW on 30th December! Go to https://thrillz-store.co.uk/products/steve-maggie-show-on-30th-december-at-3-30pm to get one of a limited number of tickets!!!
-
Steve and Maggie received a present from YouTube ‚Äì 2 Silver Play Buttons. It‚Äôs because we‚Äôve reached over 100K subscribers on our ‚ÄúSteve and Maggie‚Äú channels in Hindi and Arabic. SO EXCITED  AND HAPPY! BIG thank you to all our YouTube fans.
.
Watch Steve and Maggie video songs and stories at https://mywowenglish.com and https://www.youtube.com/wowenglishtv
.
Learning English with Steve and Maggie is easy and fun!
.
+ like us on Facebook: https://www.facebook.com/WattsEnglish
+ follow us on Instagram: https://www.instagram.com/wattsenglish/","['wow english tv', 'english speaking', 'steve and maggie', 'english for kids', 'english story', 'steve maggie', 'speaking english', 'maggie and steve', 'learning english', 'english lessons', 'english stories for kids', 'stories for kids', 'learn english', 'magic english', 'english words', 'learn english speaking', 'speak english', 'english lesson', 'english stories', 'spoken english', 'story in english', 'story time', 'esl english', 'steve', 'wow', 'free english']",2020-04-18,1920,1080,6415
Lva4fn4_q88,UCEjCyBoWP57QRkmFRz-aOGw,Easter at home with Steve and Maggie | Learn English on Easter Egg Hunt,WOW ENGLISH,265,30,1080p,128kbps,"Say hello to Steve and Maggie at their LIVE SHOW on 30th December! Go to https://thrillz-store.co.uk/products/steve-maggie-show-on-30th-december-at-3-30pm to get one of a limited number of tickets!!!
-
Have fun with Steve and Maggie in your living room! Enjoy the ‚ÄúEaster Egg Hunt‚Äú game with Steve and his little helpers and think of great hiding places around your house. 
Check out Steve¬¥s original ‚ÄúEaster Egg Hunt‚Äú video at YouTube Wow English TV: https://youtu.be/wF-1TojnzUg
Happy Easter everyone!
.
Learning English with Steve and Maggie is easy and fun!
.
+ like us on Facebook: https://www.facebook.com/WattsEnglish
+ follow us on Instagram: https://www.instagram.com/wattsenglish/","['wow english tv', 'english speaking', 'steve and maggie', 'english for kids', 'english story', 'steve maggie', 'speaking english', 'maggie and steve', 'learning english', 'english lessons', 'english stories for kids', 'stories for kids', 'learn english', 'magic english', 'english words', 'learn english speaking', 'speak english', 'english lesson', 'english stories', 'spoken english', 'story in english', 'story time', 'esl english', 'steve', 'wow', 'free english']",2020-04-08,1920,1080,7948
MTLKr-8UDYE,UCtKSLA4sBvp4gU-NIGFEQgg,Rhyming Game with Singing and Movement,Teach for Life,123,24,720p,128kbps,"Cindy Johnson  |  Wichita Collegiate School  |  Wichita, KS

This active game called ""Rhyme for a Dime"" makes practicing rhyming words fun for young students. The whole class sings a song with clapping and motions, then the teacher says a word and asks a student to say a word that rhymes with it.

Teach for Life is a global movement of people sharing knowledge to better educate our children and create hope for the world. Find more educational videos, learn more about the movement, or learn how to participate at https://teachforlife.org/

Facebook: https://www.facebook.com/TeachforLifeICT/
Twitter: https://twitter.com/teachforlife_
Instagram: https://instagram.com/_teach4life_
Pinterest: https://www.pinterest.com/teachforlifeICT/","['rhyming', 'pre k', 'rhyming song', 'rhyming game', 'literacy']",2017-02-24,1280,720,2942
Nc3hwh-AFFw,UCtKSLA4sBvp4gU-NIGFEQgg,Written Numbers: Formation of Complex Numbers,Teach for Life,88,30,720p,128kbps,"Sumita Ghosh  |  Wichita Collegiate School  |  Wichita, KS

In this numbers lesson the teacher teaches the students how to tell much larger complex numbers using cubes and beads as samples for measurement.

Teach for Life is a global movement of people sharing knowledge to better educate our children and create hope for the world. Find more educational videos, learn more about the movement, or learn how to participate at https://teachforlife.org/

Facebook: https://www.facebook.com/TeachforLifeICT/
Twitter: https://twitter.com/teachforlife_
Instagram: https://instagram.com/_teach4life_
Pinterest: https://www.pinterest.com/teachforlifeICT/","['number activity', 'math activity', 'pre k', 'early childhood math', 'montesorri math lesson']",2016-10-20,1280,720,2644
PggqMEe9dSQ,UCtKSLA4sBvp4gU-NIGFEQgg,Having a Student Describe Today's Weather,Teach for Life,157,30,720p,128kbps,"Amanda Leger  |  Wichita Collegiate School  |  Wichita, KS

This lesson helps students learn about weather and seasons. A student chosen as the ""meteorologist"" looks out the window and uses picture cards to show the current weather. The cards depict various possible features of weather, such as sunny, partly cloudy, windy, rainy, hot, and cold.

 Teach for Life is a global movement of people sharing knowledge to better educate our children and create hope for the world. Find more educational videos, learn more about the movement, or learn how to participate at https://teachforlife.org/

Facebook: https://www.facebook.com/TeachforLifeICT/
Twitter: https://twitter.com/teachforlife_
Instagram: https://instagram.com/_teach4life_
Pinterest: https://www.pinterest.com/teachforlifeICT/","['weather', 'preschool', 'meteorologist', 'calendar', 'graphing', 'seasons', 'science', 'teaching weather']",2017-03-13,1280,720,4699
Pyb0z_YQjjI,UCEjCyBoWP57QRkmFRz-aOGw,Game Bank | Games 69-74 | WattsEnglish,WOW ENGLISH,647,25,1080p,128kbps,"Say hello to Steve and Maggie at their LIVE SHOW on 30th December! Go to https://thrillz-store.co.uk/products/steve-maggie-show-on-30th-december-at-3-30pm to get one of a limited number of tickets!!!
-
A collection of games (number 69 - 74) for kindergarten (or early primary) teachers from WattsEnglish.
These clips are firstly uploaded on Facebook:
https://www.facebook.com/WattsEnglish
Then published also here as a collection. If you'd like to see them first, please go to @Wattsenglish on Facebook, where you can also find some discussion about the topic.

Learning English with Steve and Maggie is easy and fun!

You can find more stories, songs and English for kids at www.wowenglish.com

+ visit our website: www.wattsenglish.com
+ like us on Facebook: https://www.facebook.com/WattsEnglish
+ follow us on Twitter: https://twitter.com/WattsEnglish
+ follow us on Instagram: https://www.instagram.com/wattsenglish/
+ follow us on Google+: https://plus.google.com/+WOWENGLISHTV
+ follow us on Pinterest: https://uk.pinterest.com/wattsenglish/
NEW!!! Steve on AMAZON. Complete CLIPS with NO ads! Watch: http://amzn.to/2fZ1ms7","['English for Children', 'English for Kids', 'wattsenglish', 'teaching as a second language', 'teaching as a foreign language', 'TEFL', 'TESL', 'english teacher', 'teaching english', 'english as a second language', 'tips for english teachers', 'english teaching resources', 'kindergarten teacher', 'game bank for teachers', 'game bank', 'teaching ideas', 'teaching resources', 'teach english', 'english teachers', 'tesol', 'esl', 'tefl certification', 'teach abroad']",2018-11-19,1920,1080,16174
Y6_S5bipsBk,UCtKSLA4sBvp4gU-NIGFEQgg,Parts of the Body Rhyming Game with Students,Teach for Life,88,30,1080p,128kbps,"Dana Barrientos  |  Harry Street Elementary  |  Wichita, KS

In this lesson, a teacher and students play a rhyming game called ""Silly Simon Says."" The teacher says a nonsense word that rhymes with a part of the body, and the students say the name of the body part that rhymes.

Teach for Life is a global movement of people sharing knowledge to better educate our children and create hope for the world. Find more educational videos, learn more about the movement, or learn how to participate at https://teachforlife.org/

Facebook: https://www.facebook.com/TeachforLifeICT/
Twitter: https://twitter.com/teachforlife_
Instagram: https://instagram.com/_teach4life_
Pinterest: https://www.pinterest.com/teachforlifeICT/","['rhyming', 'pre k', 'rhyming activity']",2017-02-23,1920,1080,2633
s0BpHgMB_8o,UCtKSLA4sBvp4gU-NIGFEQgg,A Song for Teaching Three-Letter Words,Teach for Life,148,30,720p,128kbps,"Cindy Johnson  |  Wichita Collegiate School  |  Wichita, KS

This song helps students learn simple, three-letter words -- also called ""consonant-vowel-consonant"" or CVC words. The teacher and students practice making the beginning, middle, and ending sounds of a word as well as the letters associated with those sounds, then put them together in a song.

Teach for Life is a global movement of people sharing knowledge to better educate our children and create hope for the world. Find more educational videos, learn more about the movement, or learn how to participate at https://teachforlife.org/

Facebook: https://www.facebook.com/TeachforLifeICT/
Twitter: https://twitter.com/teachforlife_
Instagram: https://instagram.com/_teach4life_
Pinterest: https://www.pinterest.com/teachforlifeICT/","['letter combinations', 'letter activity', 'letter song', 'pre k', 'letters represent sounds', 'song', 'fun activity', 'education', 'early childhood education', 'teach for life', 'three letter words', 'cvc words', 'kindergarten', 'teaching']",2017-02-14,1280,720,4436
